<?xml version="1.0" encoding="UTF-8"?>
<results version="2">
    <cppcheck version="2.17.1"/>
    <errors>
        <error id="missingIncludeSystem" severity="information" msg="Include file: &lt;cassert&gt; not found. Please note: Cppcheck does not need standard library headers to get proper results." verbose="Include file: &lt;cassert&gt; not found. Please note: Cppcheck does not need standard library headers to get proper results.">
            <location file="C:\Users\liam\source\QuestionableCode\QuestionableCode\QuestionableCode.cpp" line="3" column="0"/>
        </error>
        <error id="missingIncludeSystem" severity="information" msg="Include file: &lt;iostream&gt; not found. Please note: Cppcheck does not need standard library headers to get proper results." verbose="Include file: &lt;iostream&gt; not found. Please note: Cppcheck does not need standard library headers to get proper results.">
            <location file="C:\Users\liam\source\QuestionableCode\QuestionableCode\QuestionableCode.cpp" line="4" column="0"/>
        </error>
        <error id="missingIncludeSystem" severity="information" msg="Include file: &lt;numeric&gt; not found. Please note: Cppcheck does not need standard library headers to get proper results." verbose="Include file: &lt;numeric&gt; not found. Please note: Cppcheck does not need standard library headers to get proper results.">
            <location file="C:\Users\liam\source\QuestionableCode\QuestionableCode\QuestionableCode.cpp" line="5" column="0"/>
        </error>
        <error id="missingIncludeSystem" severity="information" msg="Include file: &lt;set&gt; not found. Please note: Cppcheck does not need standard library headers to get proper results." verbose="Include file: &lt;set&gt; not found. Please note: Cppcheck does not need standard library headers to get proper results.">
            <location file="C:\Users\liam\source\QuestionableCode\QuestionableCode\QuestionableCode.cpp" line="6" column="0"/>
        </error>
        <error id="missingIncludeSystem" severity="information" msg="Include file: &lt;vector&gt; not found. Please note: Cppcheck does not need standard library headers to get proper results." verbose="Include file: &lt;vector&gt; not found. Please note: Cppcheck does not need standard library headers to get proper results.">
            <location file="C:\Users\liam\source\QuestionableCode\QuestionableCode\QuestionableCode.cpp" line="7" column="0"/>
        </error>
        <error id="assertWithSideEffect" severity="warning" msg="Assert statement calls a function which may have desired side effects: &apos;my_function&apos;." verbose="Non-pure function: &apos;my_function&apos; is called inside assert statement. Assert statements are removed from release builds so the code inside assert statement is not executed. If the code is needed also in release builds, this is a bug." cwe="398" file0="C:/Users/liam/source/QuestionableCode/QuestionableCode/QuestionableCode.cpp">
            <location file="C:\Users\liam\source\QuestionableCode\QuestionableCode\QuestionableCode.cpp" line="142" column="12"/>
            <symbol>my_function</symbol>
        </error>
        <error id="noExplicitConstructor" severity="style" msg="Class &apos;A&apos; has a constructor with 1 argument that is not explicit." verbose="Class &apos;A&apos; has a constructor with 1 argument that is not explicit. Such, so called &quot;Converting constructors&quot;, should in general be explicit for type safety reasons as that prevents unintended implicit conversions." cwe="398" file0="C:/Users/liam/source/QuestionableCode/QuestionableCode/QuestionableCode.cpp">
            <location file="C:\Users\liam\source\QuestionableCode\QuestionableCode\QuestionableCode.cpp" line="31" column="5"/>
            <symbol>A</symbol>
        </error>
        <error id="variableScope" severity="style" msg="The scope of the variable &apos;buf&apos; can be reduced." verbose="The scope of the variable &apos;buf&apos; can be reduced. Warning: Be careful when fixing this message, especially when there are inner loops. Here is an example where cppcheck will write that the scope for &apos;i&apos; can be reduced:\012void f(int x)\012{\012    int i = 0;\012    if (x) {\012        // it&apos;s safe to move &apos;int i = 0;&apos; here\012        for (int n = 0; n &lt; 10; ++n) {\012            // it is possible but not safe to move &apos;int i = 0;&apos; here\012            do_something(&amp;i);\012        }\012    }\012}\012When you see this message it is always safe to reduce the variable scope 1 level." cwe="398" file0="C:/Users/liam/source/QuestionableCode/QuestionableCode/QuestionableCode.cpp">
            <location file="C:\Users\liam\source\QuestionableCode\QuestionableCode\QuestionableCode.cpp" line="55" column="9"/>
            <symbol>buf</symbol>
        </error>
        <error id="unreadVariable" severity="style" msg="Variable &apos;buf[count]&apos; is assigned a value that is never used." verbose="Variable &apos;buf[count]&apos; is assigned a value that is never used." cwe="563" file0="C:/Users/liam/source/QuestionableCode/QuestionableCode/QuestionableCode.cpp">
            <location file="C:\Users\liam\source\QuestionableCode\QuestionableCode\QuestionableCode.cpp" line="59" column="20"/>
            <symbol>buf[count]</symbol>
        </error>
        <error id="unreadVariable" severity="style" msg="Variable &apos;x&apos; is assigned a value that is never used." verbose="Variable &apos;x&apos; is assigned a value that is never used." cwe="563" file0="C:/Users/liam/source/QuestionableCode/QuestionableCode/QuestionableCode.cpp">
            <location file="C:\Users\liam\source\QuestionableCode\QuestionableCode\QuestionableCode.cpp" line="127" column="9"/>
            <symbol>x</symbol>
        </error>
        <error id="unreadVariable" severity="style" msg="Variable &apos;y&apos; is assigned a value that is never used." verbose="Variable &apos;y&apos; is assigned a value that is never used." cwe="563" file0="C:/Users/liam/source/QuestionableCode/QuestionableCode/QuestionableCode.cpp">
            <location file="C:\Users\liam\source\QuestionableCode\QuestionableCode\QuestionableCode.cpp" line="128" column="9"/>
            <symbol>y</symbol>
        </error>
        <error id="unusedFunction" severity="style" msg="The function &apos;is_type&apos; is never used." verbose="The function &apos;is_type&apos; is never used." cwe="561">
            <location file="C:\Users\liam\source\QuestionableCode\QuestionableCode\QuestionableCode.cpp" line="16" column="0"/>
            <symbol>is_type</symbol>
        </error>
        <error id="unusedFunction" severity="style" msg="The function &apos;DontThrow&apos; is never used." verbose="The function &apos;DontThrow&apos; is never used." cwe="561">
            <location file="C:\Users\liam\source\QuestionableCode\QuestionableCode\QuestionableCode.cpp" line="40" column="0"/>
            <symbol>DontThrow</symbol>
        </error>
        <error id="unusedFunction" severity="style" msg="The function &apos;do_something_useless&apos; is never used." verbose="The function &apos;do_something_useless&apos; is never used." cwe="561">
            <location file="C:\Users\liam\source\QuestionableCode\QuestionableCode\QuestionableCode.cpp" line="67" column="0"/>
            <symbol>do_something_useless</symbol>
        </error>
        <error id="checkersReport" severity="information" msg="Active checkers: 167/856 (use --checkers-report=&lt;filename&gt; to see details)" verbose="Active checkers: 167/856 (use --checkers-report=&lt;filename&gt; to see details)"/>
    </errors>
</results>
